StartDate,EndDate,Status,Progress,Duration (in seconds),Finished,RecordedDate,ResponseId,DistributionChannel,UserLanguage,Q1_1,Q1_2,Q1_3,Q1_4,Q1_5,Q2_NPS_GROUP,Q2,Q2.1,Q2.2,Q2.3,Q3.0_1,Q3.0_2,Q3.0_3,Q3.0_4,Q4.0_1,Q4.0_2,Q4.0_3,Q4.0_4,Q4.0_5,Q5.0_1,Q5.0_2,Q5.0_3,Q5.0_4,Q5.0_5,Q6.0,Q7.0,Q8.0,Q16
Start Date,End Date,Response Type,Progress,Duration (in seconds),Finished,Recorded Date,Response ID,Distribution Channel,User Language,To what extent do you agree or disagree with the following statements made about the Melbourne MicroCert? - I found it intellectually engaging and stimulating,"To what extent do you agree or disagree with the following statements made about the Melbourne MicroCert? - I found it had clear expectations, including assessment requirements",To what extent do you agree or disagree with the following statements made about the Melbourne MicroCert? - I felt it was informed by the latest research and practice,To what extent do you agree or disagree with the following statements made about the Melbourne MicroCert? - I felt the learning resources were helpful,"To what extent do you agree or disagree with the following statements made about the Melbourne MicroCert? - Overall, I had a very good learning experience","Using a scale of 0 to 10, where 0 means very unlikely and 10 means very likely, how likely are you to recommend Melbourne MicroCerts to a friend or colleague? - Group","Using a scale of 0 to 10, where 0 means very unlikely and 10 means very likely, how likely are you to recommend Melbourne MicroCerts to a friend or colleague?",Why did you give this rating? Please specify.,Why did you give this rating? Please specify.,Why did you give this rating? Please specify.,"Thinking about your learning experience, to what extent do you agree or disagree with the following statements made about the Melbourne MicroCert? - I received valuable feedback on my learning progress","Thinking about your learning experience, to what extent do you agree or disagree with the following statements made about the Melbourne MicroCert? - I had opportunities   to meaningfully interact and engage with peers","Thinking about your learning experience, to what extent do you agree or disagree with the following statements made about the Melbourne MicroCert? - I could manage the learning workload within the timeframe","Thinking about your learning experience, to what extent do you agree or disagree with the following statements made about the Melbourne MicroCert? - I am satisfied with the level of industry representation","Thinking about the impact of your learning, to what extent do you agree or disagree with the following statements about the Melbourne MicroCert? - I learnt new ideas, approaches and/or skills","Thinking about the impact of your learning, to what extent do you agree or disagree with the following statements about the Melbourne MicroCert? - I learnt to apply knowledge to practice","Thinking about the impact of your learning, to what extent do you agree or disagree with the following statements about the Melbourne MicroCert? - I was challenged in my way of thinking","Thinking about the impact of your learning, to what extent do you agree or disagree with the following statements about the Melbourne MicroCert? - I have developed skills which will help me in the workplace","Thinking about the impact of your learning, to what extent do you agree or disagree with the following statements about the Melbourne MicroCert? - I improved my understanding of concepts and principles in the field",To what extent do you agree or disagree with the following statements about Melbourne MicroCert assessment tasks? - They allowed me to demonstrate what I had learned,To what extent do you agree or disagree with the following statements about Melbourne MicroCert assessment tasks? - They increased my understanding of core concepts,To what extent do you agree or disagree with the following statements about Melbourne MicroCert assessment tasks? - They were applicable to my current workplace,To what extent do you agree or disagree with the following statements about Melbourne MicroCert assessment tasks? - They were applicable to my future intended workplace,To what extent do you agree or disagree with the following statements about Melbourne MicroCert assessment tasks? - They had grading criteria that I could easily understand,How will you apply the concepts learned in this Melbourne MicroCert to your current or future intended workplace? Please provide an example.,What were the best aspects of this Melbourne MicroCert?,What aspects of this Melbourne MicroCert do you believe should be improved?,"Please tick if you consent to the possible use of your response to questions 6 and 7 for marketing purposes. e.g. testimonials, reviews"
"{""ImportId"":""startDate"",""timeZone"":""America/Denver""}","{""ImportId"":""endDate"",""timeZone"":""America/Denver""}","{""ImportId"":""status""}","{""ImportId"":""progress""}","{""ImportId"":""duration""}","{""ImportId"":""finished""}","{""ImportId"":""recordedDate"",""timeZone"":""America/Denver""}","{""ImportId"":""_recordId""}","{""ImportId"":""distributionChannel""}","{""ImportId"":""userLanguage""}","{""ImportId"":""QID1_1""}","{""ImportId"":""QID1_2""}","{""ImportId"":""QID1_3""}","{""ImportId"":""QID1_4""}","{""ImportId"":""QID1_5""}","{""ImportId"":""QID14_NPS_GROUP""}","{""ImportId"":""QID14""}","{""ImportId"":""QID3_TEXT""}","{""ImportId"":""QID4_TEXT""}","{""ImportId"":""QID5_TEXT""}","{""ImportId"":""QID6_1""}","{""ImportId"":""QID6_2""}","{""ImportId"":""QID6_3""}","{""ImportId"":""QID6_4""}","{""ImportId"":""QID7_1""}","{""ImportId"":""QID7_2""}","{""ImportId"":""QID7_3""}","{""ImportId"":""QID7_4""}","{""ImportId"":""QID7_5""}","{""ImportId"":""QID8_1""}","{""ImportId"":""QID8_2""}","{""ImportId"":""QID8_3""}","{""ImportId"":""QID8_4""}","{""ImportId"":""QID8_5""}","{""ImportId"":""QID9_TEXT""}","{""ImportId"":""QID10_TEXT""}","{""ImportId"":""QID11_TEXT""}","{""ImportId"":""QID16""}"
2026-03-28 15:42:41,2026-03-28 15:51:54,IP Address,100,552,True,2026-03-28 15:51:54,R_4kNviUvpxumk3T9,anonymous,EN,Slightly disagree,Slightly agree,Neither agree nor disagree,Slightly disagree,Slightly disagree,Detractor,2,"I did not find the way the course materials (especally the webinars) were presented engaging, I could have simply read the module on my own time, the webinars and discussion forums added nothing to my understanding or appreciation of the subject material.",,,Slightly disagree,Slightly disagree,Strongly agree,Slightly disagree,Slightly disagree,Slightly disagree,Slightly disagree,Slightly disagree,Slightly disagree,Neither agree nor disagree,Neither agree nor disagree,Slightly agree,Slightly agree,Neither agree nor disagree,"The course did not cover content that was new to me. ",I cant think of anything. I felt disengaged despite attempts to engage with other students on the discussion forum.,"If your role involves presenting content on Zoom, you should be able to use the technology, the presenters constant claims of technical ineptness were not engaging.  There is also little point in dedicating an entire welcome webinar to content that was easily readable and presented in emails.",
2026-03-28 18:45:26,2026-03-28 18:46:57,IP Address,100,91,True,2026-03-28 18:46:58,R_9fkOtfbmcYR8DHC,anonymous,EN,Strongly agree,Strongly agree,Strongly agree,Strongly agree,Strongly agree,Promoter,10,,,Excellent course,Strongly agree,Strongly agree,Strongly agree,Strongly agree,Strongly agree,Strongly agree,Strongly agree,Strongly agree,Strongly agree,N/A,N/A,N/A,N/A,N/A,When contributing to the drafting of the new First Nations education strategy,The content,Nil,
2026-03-28 19:06:24,2026-03-28 19:12:11,IP Address,100,347,True,2026-03-28 19:12:12,R_4Csmkjab9P6if0B,anonymous,EN,Strongly agree,Strongly agree,Slightly agree,Strongly agree,Strongly agree,Promoter,10,,,"Matt was a really engaging instructor. Well developed course, and I have a much stronger understanding of treaties and treaty process now.",Strongly agree,Strongly agree,Strongly agree,Strongly agree,Strongly agree,Strongly agree,Strongly agree,Strongly agree,Strongly agree,Strongly agree,Strongly agree,Strongly agree,Strongly agree,Strongly agree,In activities relating to advancing First Nations economic outcomes,Webinars and assessments,Unpacking where to with Victorian Treaty now would be good,
2026-03-29 03:17:45,2026-03-29 03:24:23,IP Address,100,397,True,2026-03-29 03:24:23,R_4Sov8twm2ySg2CC,anonymous,EN,Strongly agree,Strongly agree,Strongly agree,Strongly agree,Strongly agree,Passive,8,,"The tutor was well-informed, welcoming, facilitated discussion. The course had up to the minute content and a wide range of participants who had diverse views and challenged my thinking.",,Strongly agree,Strongly agree,Strongly agree,Neither agree nor disagree,Slightly agree,Neither agree nor disagree,Strongly agree,Strongly agree,Strongly agree,Strongly agree,Strongly agree,Slightly agree,N/A,Strongly agree,"Part of my role is to advise on the implementation of recommendations to the Yoorrook Justice Commission. ","The tutor's experience and knowledge. The opportunity to hear and read responses from fellow students. ","More assistance with researching the literature to expand reading beyond the course materials. ",I consent
2026-03-29 04:33:18,2026-03-29 04:35:48,IP Address,100,150,True,2026-03-29 04:35:49,R_9vdIOGp128ievmh,anonymous,EN,Slightly agree,Slightly agree,Slightly agree,Slightly agree,Slightly agree,Passive,8,,,,Slightly agree,Slightly agree,Slightly agree,Neither agree nor disagree,Strongly agree,Strongly agree,Slightly agree,Slightly agree,Strongly agree,Strongly agree,Strongly agree,Strongly agree,Strongly agree,Strongly agree,"I work in natural resource management so I will be applying the new Treaty and now I understand the foundations of an effective treatment, I will be able to better apply the new one",Short and sharp and targeted,nil,
2026-03-29 14:45:32,2026-03-29 14:47:56,IP Address,100,143,True,2026-03-29 14:47:56,R_937K2uIplHRQZPP,anonymous,EN,Slightly agree,Strongly agree,Slightly agree,Slightly agree,Slightly agree,Passive,7,,,,Slightly agree,Neither agree nor disagree,Slightly agree,Slightly agree,Slightly agree,Slightly agree,Slightly agree,Slightly agree,Slightly agree,Slightly agree,Slightly agree,Slightly agree,Neither agree nor disagree,Slightly agree,,,Had a lot of difficultly logging into the Canvas system. Only one link worked and when bookmarked could not log in again,I consent
2026-03-29 16:37:25,2026-03-29 16:38:58,IP Address,100,93,True,2026-03-29 16:38:58,R_9spqQTySRDtgaaJ,anonymous,EN,Slightly agree,Strongly agree,Strongly agree,Strongly agree,Slightly agree,Passive,7,,,,Strongly agree,Strongly agree,Strongly agree,Neither agree nor disagree,Strongly agree,Slightly agree,Strongly agree,Slightly agree,Strongly agree,Slightly agree,Strongly agree,Slightly agree,Slightly agree,Strongly agree,,,,
2026-03-29 16:55:49,2026-03-29 16:56:52,IP Address,100,62,True,2026-03-29 16:56:52,R_4Lc2iw3bz3UAE4K,anonymous,EN,Strongly agree,Strongly agree,Strongly agree,Strongly agree,Strongly agree,Promoter,10,,,,Strongly agree,Strongly agree,Strongly agree,Strongly agree,Strongly agree,Strongly agree,Strongly agree,Strongly agree,Strongly agree,Strongly agree,Strongly agree,Slightly agree,Strongly agree,Strongly agree,,,,
2026-03-29 16:50:05,2026-03-29 17:09:10,IP Address,100,1144,True,2026-03-29 17:09:10,R_9Xmq3EFVb4zMllY,anonymous,EN,Strongly agree,Slightly agree,Slightly agree,Strongly agree,Strongly agree,Promoter,9,,,,Strongly agree,Slightly agree,Strongly agree,Neither agree nor disagree,Strongly agree,Strongly agree,Strongly agree,Strongly agree,Strongly agree,Strongly agree,Strongly agree,Slightly agree,Slightly agree,Strongly agree,," Engagement with and lived experience of other students","It would be useful for the cert to also cover the Victorian Statewide Treaty, now that it has been signed/agreed. ",I consent
2026-03-29 17:11:46,2026-03-29 17:19:15,IP Address,100,448,True,2026-03-29 17:19:16,R_9UBcwV67jVG7weB,anonymous,EN,Strongly agree,Slightly agree,Strongly agree,Slightly agree,Strongly agree,Passive,8,,"It was an engaging course and made me think. There was flexibility and understanding about juggling with work. Would recommend. ",,Slightly agree,Strongly agree,Slightly agree,Slightly agree,Strongly agree,Slightly agree,Slightly agree,Strongly agree,Strongly agree,Slightly agree,Strongly agree,Strongly agree,Strongly agree,Strongly agree,Improved understanding of Treaty and what it needs to be successful will be applied to my work writing comms materials about Victoria's Treaty.,"The frankness and acknowledgement of past failures, the emphasis on getting Treaty right and supporting First Peoples","The assessment criteria didn't seem to fit what was required - 500 words won't fit into a venn diagram and 750 words doesn't work in 5 power point slides. People were confused by those instructions/options. Also the dates for submission were different in two places/unclear. ",
2026-03-29 17:46:59,2026-03-29 18:06:53,IP Address,100,1194,True,2026-03-29 18:06:54,R_9B4zsUT2CRo3DBI,anonymous,EN,Slightly agree,Strongly agree,Slightly agree,Slightly agree,Slightly agree,Promoter,10,,,It was a great way to get some professional learning in in a short timeframe,Slightly agree,Slightly agree,Neither agree nor disagree,Strongly agree,Slightly agree,Slightly agree,Slightly agree,Slightly agree,Strongly agree,Slightly agree,Slightly agree,Slightly agree,Strongly agree,Strongly agree,,,,I consent
2026-03-29 20:15:30,2026-03-29 20:18:32,IP Address,100,181,True,2026-03-29 20:18:32,R_91F6rJCqenjhVqa,anonymous,EN,Strongly agree,Strongly agree,Slightly agree,Strongly agree,Strongly agree,Passive,8,,"While interesting, the content could be updated to include the current status of Treaty in Victoria.  ",,Strongly agree,Strongly agree,Slightly disagree,Neither agree nor disagree,Slightly agree,Slightly disagree,Strongly agree,Slightly agree,Strongly agree,Slightly agree,Strongly agree,N/A,N/A,Strongly agree,,,,
2026-03-29 23:37:12,2026-03-29 23:42:43,IP Address,100,331,True,2026-03-29 23:42:43,R_4E9ZyQUK47gA7Hl,anonymous,EN,Strongly agree,Strongly agree,Slightly agree,Slightly agree,Slightly agree,Passive,7,,Information relating to assignments was either out dated (eg one assignment on a course about Treaty in Victoria was still framed as though there was no Treaty) and descriptors for assignments were so generic even the lecturer couldn't explain the guidance.,,Strongly agree,Strongly agree,Strongly agree,Neither agree nor disagree,Neither agree nor disagree,Slightly disagree,Neither agree nor disagree,Slightly agree,Strongly agree,Neither agree nor disagree,Neither agree nor disagree,Slightly agree,Slightly agree,Slightly agree,Improved understanding of the 'how' of Treaty which provides an opportunity to consider its application to regulation and data sharing.,Opportunity for a deep dive into Treaty and better understand history and contemporary application.,Ensure the information provided around all aspects of the course are contemporary and relevant to the subject.,
2026-04-01 02:20:35,2026-04-01 02:35:34,IP Address,100,899,True,2026-04-01 02:35:35,R_42kXxl3MDDAsidL,anonymous,EN,Strongly agree,Slightly agree,Neither agree nor disagree,Slightly agree,Slightly agree,Passive,7,,"Lectures, online leaning and reading were engaging. ",,Slightly agree,Slightly disagree,Slightly agree,Slightly disagree,Slightly agree,Neither agree nor disagree,Slightly agree,Slightly agree,Slightly agree,Slightly agree,Slightly agree,Slightly agree,Slightly agree,Strongly agree,I will use it to provide advice to government on new policies and programs for First Peoples as well as advice on how to safeguard and enhance treaty process,Lectures and online material,Creating opportunities for structured discussion with peers including through prompts,I consent
2026-04-06 17:13:56,2026-04-06 17:16:33,IP Address,100,157,True,2026-04-06 17:16:33,R_9WutZ9xqOzSBV9D,anonymous,EN,Strongly agree,Strongly agree,Strongly agree,Strongly agree,Slightly agree,Passive,8,,Great course,,Strongly agree,Strongly agree,Slightly agree,Strongly agree,Strongly agree,Neither agree nor disagree,Strongly agree,Neither agree nor disagree,Strongly agree,Strongly agree,Strongly agree,Slightly agree,Slightly agree,Strongly agree,This microcert was more contextual information,Assignments were great at applying the learning,"Modules should be broken down in week by week structure.  I found it really hard to follow despite at least 2 people asking the question, it would have been better if the reading were according to the weeks.",I consent
2026-04-08 16:07:51,2026-04-08 16:09:43,IP Address,100,112,True,2026-04-08 16:09:44,R_4E9xDqpt550LJsZ,anonymous,EN,Strongly agree,Neither agree nor disagree,Slightly agree,Strongly agree,Strongly agree,Passive,8,,Enjoyed the course overall and learnt a lot,,Neither agree nor disagree,Slightly disagree,Strongly agree,Strongly agree,Slightly agree,Slightly disagree,Strongly agree,Slightly agree,Strongly agree,Strongly agree,Strongly agree,Slightly disagree,Slightly disagree,Slightly agree,,,,
2026-04-08 16:30:23,2026-04-08 16:32:31,IP Address,100,128,True,2026-04-08 16:32:31,R_4iJDLMRPGgLM4CV,anonymous,EN,Strongly agree,Strongly agree,Slightly agree,Strongly agree,Strongly agree,Promoter,9,,,"Matt was great, the learning experience was tailored to working professionals and the content was interesting",Neither agree nor disagree,Slightly agree,Slightly agree,Neither agree nor disagree,Strongly agree,Strongly agree,Strongly agree,Strongly agree,Strongly agree,Strongly agree,Strongly agree,Slightly agree,Slightly agree,Slightly agree,,,,
2026-04-08 16:36:14,2026-04-08 16:39:12,IP Address,100,177,True,2026-04-08 16:39:12,R_9JQKchx7B5pNdyj,anonymous,EN,Strongly agree,Strongly agree,Strongly agree,Strongly agree,Strongly agree,Promoter,10,,,"The course content, structure and delivery mechanism worked really well for me and i found the discussions interesting and engaging. I also found the assessment requirements to be flexible enough to fit our working schedules.",Strongly agree,Strongly agree,Strongly agree,Strongly agree,Strongly agree,Strongly agree,Strongly agree,Strongly agree,Strongly agree,Strongly agree,Strongly agree,Strongly agree,Strongly agree,Strongly agree,,,,I consent
2026-04-08 16:51:55,2026-04-08 16:53:48,IP Address,100,112,True,2026-04-08 16:53:48,R_4fTZzhqIouSjt32,anonymous,EN,Strongly agree,Neither agree nor disagree,Strongly agree,Strongly agree,Strongly agree,Promoter,10,,,,Strongly agree,Slightly agree,Slightly agree,Slightly agree,Slightly agree,Slightly agree,Slightly agree,Strongly agree,Strongly agree,Slightly agree,Strongly agree,Neither agree nor disagree,Neither agree nor disagree,Neither agree nor disagree,,,,
2026-04-08 17:57:50,2026-04-08 18:05:17,IP Address,100,447,True,2026-04-08 18:05:17,R_9kGpUUHFB7KDpmF,anonymous,EN,Slightly agree,Slightly agree,Slightly agree,Neither agree nor disagree,Slightly agree,Passive,8,,"My experience was really positive, the lecturer was great and engaging. Having gone to uni previously I did take a bit of adjusting to a microcert (in terms of course length and managing my time with fulltime work). I would like to undertake another microcert through Melb uni at some point with this in mind.",,Strongly agree,Slightly agree,Neither agree nor disagree,Neither agree nor disagree,Slightly agree,Strongly agree,Strongly agree,Strongly agree,Strongly agree,Slightly agree,Slightly agree,Strongly agree,Strongly agree,Slightly agree,I work in a space very much related to the Microcert topic (Treaty) I was given agency to choose in the two assignments to compare Treaty with legislation I currently work with (very practical) and international legislation of personal interest.,"The flexibility and understanding from the lecturer that it is different to an undergraduate course, the intent is to learn more about one specific topic from a theoretical aspect. The assignments weren't long but more focused on showcasing understanding of core concept which I liked ",,I consent
2026-04-08 19:13:42,2026-04-08 19:16:39,IP Address,100,177,True,2026-04-08 19:16:39,R_9n0O7ihCRc8MUQN,anonymous,EN,Strongly agree,Strongly agree,Strongly agree,Strongly agree,Strongly agree,Promoter,10,,,"Accessible structure, realistic workload, directly relevant to my job, valuable new learning",Slightly agree,Strongly agree,Slightly agree,Neither agree nor disagree,Strongly agree,Strongly agree,Strongly agree,Strongly agree,Strongly agree,Strongly agree,Strongly agree,Strongly agree,N/A,Strongly agree,,,,
2026-04-08 20:13:20,2026-04-08 20:16:16,IP Address,100,175,True,2026-04-08 20:16:16,R_4n1tAN1NVAeaomn,anonymous,EN,Strongly agree,Strongly agree,Strongly agree,Strongly agree,Strongly agree,Promoter,10,,,,Strongly agree,Strongly agree,Slightly agree,Neither agree nor disagree,Strongly agree,Slightly agree,Slightly agree,Slightly agree,Strongly agree,Strongly agree,Strongly agree,Slightly agree,Neither agree nor disagree,Strongly agree,,,,
2026-04-09 10:31:04,2026-04-09 10:38:34,IP Address,100,449,True,2026-04-09 10:38:34,R_4TuZAi7F9SpPEFb,anonymous,EN,Strongly agree,Strongly agree,Strongly agree,Strongly agree,Strongly agree,Promoter,9,,,Great course and lecturer. I learned a lot about the long history of treaties and what they actually are. I found the detailed feedback provided on assignments to be very helpful..,Strongly agree,Neither agree nor disagree,Slightly agree,Neither agree nor disagree,Strongly agree,Slightly agree,Strongly agree,Neither agree nor disagree,Strongly agree,Strongly agree,Strongly agree,Neither agree nor disagree,Neither agree nor disagree,Strongly agree,Provides me with a new perspective on treaty and the historical challenges.,Lecturer and self-paced learning modules. Really well laid out using different types of resources and media.,N/A,
2026-04-09 22:59:47,2026-04-09 23:02:23,IP Address,100,155,True,2026-04-09 23:02:23,R_45wiNUPRxZdmrRf,anonymous,EN,Strongly agree,Strongly agree,Strongly agree,Strongly agree,Strongly agree,Promoter,10,,,"The content was very interesting, and important ",Strongly agree,Strongly agree,Strongly agree,Strongly agree,Strongly agree,Strongly agree,Strongly agree,Strongly agree,Strongly agree,N/A,N/A,N/A,N/A,N/A,,,,
2026-04-10 07:00:47,2026-04-10 07:05:58,IP Address,100,311,True,2026-04-10 07:05:58,R_41TxeFQCKeY6S5I,anonymous,EN,Strongly agree,Strongly agree,Strongly agree,Strongly agree,Slightly agree,Promoter,9,,,,Slightly agree,Slightly agree,Strongly agree,Slightly agree,Strongly agree,Slightly agree,Strongly agree,Strongly agree,Strongly agree,Strongly agree,Strongly agree,Strongly agree,Strongly agree,Strongly agree,,,,I consent
2026-04-12 17:53:30,2026-04-12 17:59:20,IP Address,100,349,True,2026-04-12 17:59:20,R_4Jx9GHGxevXyTvy,anonymous,EN,Slightly agree,Slightly agree,Neither agree nor disagree,Slightly agree,Slightly agree,Detractor,6,I didn't find the group tutorials very helpful as I was hoping for more of a lecture style experience based on the provided resources than a group discussion,,,Neither agree nor disagree,Neither agree nor disagree,Slightly agree,Neither agree nor disagree,Neither agree nor disagree,Neither agree nor disagree,Slightly agree,Neither agree nor disagree,Slightly agree,Slightly agree,Slightly agree,Slightly agree,Neither agree nor disagree,Slightly agree,"This course has increased my understanding of treaty, and what it is (and isn't) and has helped me to bring a more educated perspective to discussions around treaty in the workplace",I actually liked the structured assignments as this gave me clarity on expectations and held me to account with due dates,The tutorials need to be more structured around the course content- perhaps have the tutorials run separately to open group discussions or hold the group discussion at the end of the tutorial,I consent
2026-04-13 16:14:28,2026-04-13 16:16:20,IP Address,100,111,True,2026-04-13 16:16:20,R_94AWAeDmNprPQyc,anonymous,EN,Strongly agree,Strongly agree,Slightly agree,Strongly agree,Strongly agree,Promoter,10,,,"The resources were tailored appropriately, and Matt is an engaging and pragmatic teacher. ",Strongly agree,Slightly agree,Slightly agree,Neither agree nor disagree,Strongly agree,Strongly agree,Strongly agree,Strongly agree,Strongly agree,Strongly agree,Strongly agree,Strongly agree,Strongly agree,Strongly agree,,,,
2026-04-13 17:56:42,2026-04-13 18:07:25,IP Address,100,643,True,2026-04-13 18:07:26,R_9F2RtuxXAXfdklW,anonymous,EN,Strongly agree,Strongly agree,Strongly agree,Strongly agree,Slightly agree,Promoter,10,,,The course is a good way to learn about the Treaty process.,Strongly agree,Slightly agree,Slightly disagree,Strongly agree,Strongly agree,Strongly agree,Strongly agree,Strongly agree,Strongly agree,Slightly agree,Strongly agree,Slightly agree,Neither agree nor disagree,Strongly agree,To apply concepts learnt to better communicate when working with First Nations People.,Learning what has worked and what hasn't in historical Treaty processes.,The webinars should go through the readings and possibly discuss the questions asked through the modules.,
2026-04-08 16:05:10,2026-04-08 16:05:15,IP Address,14,4,False,2026-04-15 16:05:15,R_4ELuKd1rJBZp9hD,anonymous,EN,,,,,,,,,,,,,,,,,,,,,,,,,,,,
2026-04-08 16:45:11,2026-04-08 16:48:57,IP Address,14,225,False,2026-04-15 16:48:58,R_4Q3dcWul4TX7Hfb,anonymous,EN,,,,,,,,,,,,,,,,,,,,,,,,,,,,
2026-04-08 17:07:11,2026-04-08 17:07:24,IP Address,14,12,False,2026-04-15 17:07:25,R_44dQQJazOe1rx4i,anonymous,EN,,,,,,,,,,,,,,,,,,,,,,,,,,,,
2026-04-08 17:09:20,2026-04-08 17:09:46,IP Address,14,26,False,2026-04-15 17:09:49,R_4qf9Ao4un19P6rT,anonymous,EN,,,,,,,,,,,,,,,,,,,,,,,,,,,,
2026-04-13 18:18:45,2026-04-13 18:18:55,IP Address,14,10,False,2026-04-20 18:18:56,R_941weqytClbB8Wr,anonymous,EN,,,,,,,,,,,,,,,,,,,,,,,,,,,,
